cluster,keyword,market,volume,kd,source
EOR India: the commercial core,employer of record services india,US,300,2,Ahrefs pull
EOR India: the commercial core,eor india,US,300,2,competitor gap
EOR India: the commercial core,employer of record india,US,250,2,Ahrefs pull
EOR India: the commercial core,eor services in india,IN,250,,Ahrefs pull
EOR India: the commercial core,eor services in india,US,200,1,Ahrefs pull
EOR India: the commercial core,eor india,IN,200,,Ahrefs pull
EOR India: the commercial core,eor services india,US,150,,Ahrefs pull
EOR India: the commercial core,eor services india,IN,150,,Ahrefs pull
EOR India: the commercial core,eor in india,IN,150,,Ahrefs pull
EOR India: the commercial core,eor service providers in india,IN,150,,Ahrefs pull
EOR India: the commercial core,eor companies in india,IN,150,,Ahrefs pull
EOR India: the commercial core,eor service providers in india,US,150,1,competitor gap
EOR India: the commercial core,india employer of record,US,90,7,competitor gap
EOR India: the commercial core,eor service provider in india,IN,80,,Ahrefs pull
EOR India: the commercial core,india eor,IN,60,,Ahrefs pull
EOR India: the commercial core,eor company in india,IN,60,,Ahrefs pull
EOR India: the commercial core,eor solutions india,IN,50,,Ahrefs pull
EOR India: the commercial core,remote eor employees in india,IN,40,,Ahrefs pull
EOR India: the commercial core,eor service in india,IN,30,,Ahrefs pull
EOR India: the commercial core,eor provider in india,IN,30,,Ahrefs pull
EOR India: the commercial core,india eor services,IN,30,,Ahrefs pull
EOR India: the commercial core,eor providers in india,IN,20,,Ahrefs pull
EOR India: the commercial core,eor service company in india,IN,20,,Ahrefs pull
EOR India: the commercial core,eor solutions in india,IN,20,,Ahrefs pull
EOR India: the commercial core,eor companies india,IN,10,,Ahrefs pull
EOR India: the commercial core,employer of record eor in india,IN,10,,Ahrefs pull
Business setup and India payroll (other categories),start a business in india,US,200,2,competitor gap
Business setup and India payroll (other categories),setting up a business in india,US,150,1,competitor gap
Business setup and India payroll (other categories),company registration in india,US,150,0,competitor gap
Business setup and India payroll (other categories),payroll in india,US,100,1,competitor gap
Business setup and India payroll (other categories),open business in india,US,90,0,competitor gap
Business setup and India payroll (other categories),india payroll,US,80,0,competitor gap
Business setup and India payroll (other categories),how to start a business in india,US,80,0,competitor gap
Business setup and India payroll (other categories),company setup in india,US,80,2,competitor gap
Business setup and India payroll (other categories),starting a business in india,US,70,0,competitor gap
Business setup and India payroll (other categories),payroll compliance in india,US,50,0,competitor gap
Business setup and India payroll (other categories),start a company in india,US,50,6,competitor gap
Business setup and India payroll (other categories),setting up business in india,US,50,0,competitor gap
Business setup and India payroll (other categories),setting up a company in india,US,50,0,competitor gap
Business setup and India payroll (other categories),how to register a company in india,US,50,0,competitor gap
Business setup and India payroll (other categories),starting a company in india,US,30,0,competitor gap
Business setup and India payroll (other categories),how to start a company in india,US,20,4,competitor gap
Business setup and India payroll (other categories),payroll process in india,US,10,1,competitor gap
Business setup and India payroll (other categories),india payroll taxes,US,10,0,competitor gap
Business setup and India payroll (other categories),payroll taxes in india,US,0,1,competitor gap
Business setup and India payroll (other categories),india employer payroll taxes,US,0,1,competitor gap
Hire employees in India,what's the best way to hire employees in india,US,300,,Ahrefs pull
Hire employees in India,how to legally hire someone in india from the us,US,300,,Ahrefs pull
Hire employees in India,hire employees in india,US,200,0,Ahrefs pull
Hire employees in India,how to hire employees in india,US,150,,Ahrefs pull
Hire employees in India,hiring employees in india,US,150,0,competitor gap
Hire employees in India,best way to hire employees in india,US,100,,Ahrefs pull
Hire employees in India,hire in india,US,100,8,competitor gap
Hire employees in India,can a foreign company hire employees in india,US,40,,Ahrefs pull
Hire employees in India,hire indian workers,US,40,0,competitor gap
Hire employees in India,hire employees in india without entity,US,30,,Ahrefs pull
Hire employees in India,hire employees in india without a legal entity,US,20,,Ahrefs pull
Hire employees in India,how to hire employees in india through eor,US,20,,Ahrefs pull
Hire employees in India,how to hire employees in india through an eor,US,10,,Ahrefs pull
Hire employees in India,how to hire remote employees in india,US,10,,Ahrefs pull
Hire employees in India,hire employees in india without legal entity,US,10,,Ahrefs pull
Hire employees in India,how do i hire employees in india?,US,10,,Ahrefs pull
Hire employees in India,eor hiring in india,IN,10,,Ahrefs pull
Hire employees in India,hire eor in india,IN,10,,Ahrefs pull
Hire employees in India,how to do business in india,US,10,0,competitor gap
Hire employees in India,how to hire employees online in india,US,0,,Ahrefs pull
Hire employees in India,how to hire employees for small business in india,US,0,,Ahrefs pull
Hire employees in India,how much does it cost to hire employees in india,US,0,,Ahrefs pull
Hire employees in India,best website to hire employees in india,US,0,,Ahrefs pull
Hire employees in India,hire remote employees in india,US,0,,Ahrefs pull
Hire employees in India,how to hire employees for startup in india,US,0,,Ahrefs pull
Hire employees in India,best platform to hire employees in india,US,0,,Ahrefs pull
Hire employees in India,how to hire employees in the us from india,US,0,0,Ahrefs pull
Hire employees in India,how to hire indian workers,US,0,0,competitor gap
"PEO in India, and EOR vs PEO",employer of record vs peo,US,350,1,Ahrefs pull
"PEO in India, and EOR vs PEO",peo vs eor services,US,250,,Ahrefs pull
"PEO in India, and EOR vs PEO",employer of record vs staffing agency,US,200,0,Ahrefs pull
"PEO in India, and EOR vs PEO",peo vs employer of record,US,200,1,Ahrefs pull
"PEO in India, and EOR vs PEO",india peo,US,150,0,competitor gap
"PEO in India, and EOR vs PEO",peo services in india,US,100,0,competitor gap
"PEO in India, and EOR vs PEO",peo in india,US,100,0,competitor gap
"PEO in India, and EOR vs PEO",peo services india,US,90,0,competitor gap
"PEO in India, and EOR vs PEO",indian peo,US,70,0,competitor gap
"PEO in India, and EOR vs PEO",peo india,US,60,0,competitor gap
"PEO in India, and EOR vs PEO",eor and peo services india,IN,20,,Ahrefs pull
"PEO in India, and EOR vs PEO",professional employer organization in india,US,10,2,competitor gap
Best EOR providers for India,best employer of record,US,400,1,Ahrefs pull
Best EOR providers for India,best eor to hire in india,US,300,,Ahrefs pull
Best EOR providers for India,top employer of record companies,US,250,5,Ahrefs pull
Best EOR providers for India,which hr software provides top employer of record,US,200,,Ahrefs pull
Best EOR providers for India,leading hr software employer of record,US,200,,Ahrefs pull
Best EOR providers for India,most reliable employer of record company for hr,US,200,,Ahrefs pull
Best EOR providers for India,best eor services,US,200,3,Ahrefs pull
Best EOR providers for India,best global eor services 2025,US,150,7,Ahrefs pull
Best EOR providers for India,best eor provider for a digital services company,US,150,,Ahrefs pull
Best EOR providers for India,top eor services for contractor management,US,100,,Ahrefs pull
Best EOR providers for India,best eor services in hr software industry,US,100,,Ahrefs pull
Best EOR providers for India,best eor in india,IN,100,,Ahrefs pull
Best EOR providers for India,best eor services in india,IN,60,,Ahrefs pull
Best EOR providers for India,top eor companies in india,IN,40,,Ahrefs pull
Best EOR providers for India,best eor services providers in india,IN,40,,Ahrefs pull
Best EOR providers for India,best eor companies in india,IN,30,,Ahrefs pull
Best EOR providers for India,best eor services india,IN,20,,Ahrefs pull
Hire developers and other roles in India,hire php developers in india,US,250,0,Ahrefs pull
Hire developers and other roles in India,hire app developers in india,US,200,12,Ahrefs pull
Hire developers and other roles in India,hire angularjs developers in india,US,200,0,Ahrefs pull
Hire developers and other roles in India,hire developers in india,US,200,3,Ahrefs pull
Hire developers and other roles in India,hire ecommerce developers in india,US,200,2,Ahrefs pull
Hire developers and other roles in India,hire seo expert in india,US,200,22,Ahrefs pull
Hire developers and other roles in India,hire shopify developers in india,US,200,3,Ahrefs pull
Hire developers and other roles in India,hire blockchain developers in india,US,200,14,Ahrefs pull
Hire developers and other roles in India,hire software developer in india,US,200,6,Ahrefs pull
Hire developers and other roles in India,hire app developer in india,US,200,11,Ahrefs pull
Hire developers and other roles in India,hire dedicated python developers in india,US,200,,Ahrefs pull
Hire developers and other roles in India,hire web developers in india,US,200,13,Ahrefs pull
Hire developers and other roles in India,hire certified laravel developers in india,US,200,,Ahrefs pull
Hire developers and other roles in India,hire flutter developers in india,US,200,3,Ahrefs pull
Hire developers and other roles in India,hire software developer india,US,200,1,competitor gap
Hire developers and other roles in India,hire node js developer in india,US,150,0,Ahrefs pull
Hire developers and other roles in India,hire java developers in india,US,150,2,Ahrefs pull
Hire developers and other roles in India,hire a developer in india,US,150,4,Ahrefs pull
Hire developers and other roles in India,hire react native developers in india,US,150,3,Ahrefs pull
Hire developers and other roles in India,hire dedicated developers in india,US,150,14,Ahrefs pull
Hire developers and other roles in India,hire android developer in india,US,150,1,Ahrefs pull
Hire developers and other roles in India,hire django developers in india,US,150,0,Ahrefs pull
Hire developers and other roles in India,hire ios developer in india,US,150,0,Ahrefs pull
Hire developers and other roles in India,hire programmers in india,US,150,1,Ahrefs pull
Hire developers and other roles in India,hire remote developers in india,US,150,0,Ahrefs pull
Hire developers and other roles in India,hire wordpress developers india,US,150,4,competitor gap
Hire developers and other roles in India,hire developers india,US,150,1,competitor gap
Hire developers and other roles in India,wordpress developer india,US,150,43,competitor gap
Hire developers and other roles in India,hire coders india,US,150,0,competitor gap
Hire developers and other roles in India,hire remote developers india,US,100,6,competitor gap
Hire developers and other roles in India,hire wordpress developers in india,US,100,1,competitor gap
Hire developers and other roles in India,hire indian coders,US,100,0,competitor gap
Hire developers and other roles in India,hire developer from india,US,100,3,competitor gap
Hire developers and other roles in India,wordpress developers india,US,100,1,competitor gap
Hire developers and other roles in India,hire developer india,US,100,0,competitor gap
Hire developers and other roles in India,hire developer in india,US,100,8,competitor gap
Hire developers and other roles in India,hire software developers india,US,90,13,competitor gap
Hire developers and other roles in India,hire wordpress programmers india,US,90,1,competitor gap
Hire developers and other roles in India,hiring indian programmers,US,90,3,competitor gap
Hire developers and other roles in India,how to hire software developers in india,US,80,0,competitor gap
Hire developers and other roles in India,how to hire developers in india,US,80,1,competitor gap
Hire developers and other roles in India,wordpress developer in india,US,80,0,competitor gap
Hire developers and other roles in India,hire indian developer,US,80,0,competitor gap
Hire developers and other roles in India,hire programmers india,US,80,0,competitor gap
Hire developers and other roles in India,hire programmer india,US,80,6,competitor gap
Hire developers and other roles in India,hire a coder in india,US,70,3,competitor gap
Hire developers and other roles in India,hire software engineer india,US,30,4,competitor gap
Employing in India: the guides foreign employers need,india benefits,US,200,0,competitor gap
Employing in India: the guides foreign employers need,maternity leave in india,US,200,0,competitor gap
Employing in India: the guides foreign employers need,india background check,US,150,0,competitor gap
Employing in India: the guides foreign employers need,hiring independent contractors in india,US,100,0,competitor gap
Employing in India: the guides foreign employers need,employee benefits in india,US,70,0,competitor gap
Employing in India: the guides foreign employers need,background check in india,US,30,0,competitor gap
Employing in India: the guides foreign employers need,work permit in india,US,30,0,competitor gap
Employing in India: the guides foreign employers need,criminal background check india,US,10,0,competitor gap
Employing in India: the guides foreign employers need,employee benefits india,US,10,0,competitor gap
What an EOR is,what is an employer of record,US,600,24,Ahrefs pull
What an EOR is,employer of record meaning,US,500,31,Ahrefs pull
What an EOR is,what is employer of record,US,250,25,Ahrefs pull
What an EOR is,employer of record pros and cons,US,200,,Ahrefs pull
What an EOR is,eor services meaning,US,150,12,Ahrefs pull
What an EOR is,how do employer of record (eor) services work,US,90,,Ahrefs pull
"Generic global EOR terms (supported, not a page)",employer of record,US,2800,17,Ahrefs pull
"Generic global EOR terms (supported, not a page)",employer of record services,US,1700,16,Ahrefs pull
"Generic global EOR terms (supported, not a page)",eor services,US,1300,17,Ahrefs pull
"Generic global EOR terms (supported, not a page)",global employer of record,US,900,32,Ahrefs pull
"Generic global EOR terms (supported, not a page)",global eor services,US,700,31,Ahrefs pull
"Generic global EOR terms (supported, not a page)",employer of record companies,US,600,13,Ahrefs pull
"Generic global EOR terms (supported, not a page)",employer of record service,US,500,0,Ahrefs pull
"Generic global EOR terms (supported, not a page)",employer of record payroll services,US,500,13,Ahrefs pull
"Generic global EOR terms (supported, not a page)",eor employer of record,US,350,21,Ahrefs pull
"Generic global EOR terms (supported, not a page)",employer of record company,US,300,14,Ahrefs pull
"Generic global EOR terms (supported, not a page)",employer of record eor services,US,250,,Ahrefs pull
"Generic global EOR terms (supported, not a page)",eor global services,US,200,13,Ahrefs pull
"Generic global EOR terms (supported, not a page)",eor switch services that handle the transition,US,100,,Ahrefs pull
"Generic global EOR terms (supported, not a page)",fintech eor services,US,80,,Ahrefs pull
Tools that answer the money question,entity vs eor india,IN,30,,Ahrefs pull
Other-country EOR (not pursued),employer of record philippines,US,600,0,Ahrefs pull
Other-country EOR (not pursued),employer of record france,US,500,0,Ahrefs pull
Other-country EOR (not pursued),employer of record uk,US,500,0,Ahrefs pull
Other-country EOR (not pursued),employer of record australia,US,450,0,Ahrefs pull
Other-country EOR (not pursued),employer of record china,US,450,0,Ahrefs pull
Other-country EOR (not pursued),employer of record canada,US,400,0,Ahrefs pull
Other-country EOR (not pursued),employer of record singapore,US,400,0,Ahrefs pull
Other-country EOR (not pursued),employer of record germany,US,350,1,Ahrefs pull
Other-country EOR (not pursued),employer of record netherlands,US,350,0,Ahrefs pull
Other-country EOR (not pursued),employer of record vietnam,US,350,0,Ahrefs pull
Other-country EOR (not pursued),employer of record uae,US,350,0,Ahrefs pull
Other-country EOR (not pursued),employer of record services philippines,US,300,1,Ahrefs pull
Other-country EOR (not pursued),employer of record in switzerland,US,300,,Ahrefs pull
Other-country EOR (not pursued),employer of record mexico,US,300,0,Ahrefs pull
Other-country EOR (not pursued),employer of record in poland,US,300,,Ahrefs pull
Other-country EOR (not pursued),eor services middle east,US,300,,Ahrefs pull
Other-country EOR (not pursued),how do eor services work in the philippines,US,300,,Ahrefs pull
Other-country EOR (not pursued),employer of record switzerland,US,250,0,Ahrefs pull
Other-country EOR (not pursued),employer of record in slovakia,US,250,,Ahrefs pull
Other-country EOR (not pursued),employer of record brazil,US,250,0,Ahrefs pull
Other-country EOR (not pursued),employer of record turkey,US,250,0,Ahrefs pull
Other-country EOR (not pursued),employer of record thailand,US,250,0,Ahrefs pull
Other-country EOR (not pursued),employer of record czech republic,US,250,0,Ahrefs pull
Other-country EOR (not pursued),employer of record usa,US,250,1,Ahrefs pull
Other-country EOR (not pursued),employer of record in portugal,US,250,,Ahrefs pull
Other-country EOR (not pursued),employer of record luxembourg,US,250,0,Ahrefs pull
Other-country EOR (not pursued),employer of record south korea,US,200,0,Ahrefs pull
Other-country EOR (not pursued),employer of record guatemala,US,200,0,Ahrefs pull
Other-country EOR (not pursued),employer of record in honduras,US,200,,Ahrefs pull
Other-country EOR (not pursued),employer of record poland,US,200,0,Ahrefs pull
Other-country EOR (not pursued),employer of record in south korea,US,200,,Ahrefs pull
Other-country EOR (not pursued),employer of record portugal,US,200,0,Ahrefs pull
Other-country EOR (not pursued),czech republic employer of record,US,200,,Ahrefs pull
Other-country EOR (not pursued),employer of record in belgium,US,200,,Ahrefs pull
Other-country EOR (not pursued),singapore employer of record,US,200,,Ahrefs pull
Other-country EOR (not pursued),employer of record in denmark,US,200,0,Ahrefs pull
Other-country EOR (not pursued),employer of record in costa rica,US,200,,Ahrefs pull
Other-country EOR (not pursued),eor services gcc,US,200,,Ahrefs pull
Other-country EOR (not pursued),eor services mena,US,200,,Ahrefs pull
Other-country EOR (not pursued),eor services poland,US,150,,Ahrefs pull
Other-country EOR (not pursued),eor services in germany,US,100,,Ahrefs pull
Other-country EOR (not pursued),eor services in singapore,US,100,0,Ahrefs pull
Other-country EOR (not pursued),eor services germany,US,100,,Ahrefs pull
Other-country EOR (not pursued),eor services usa,US,90,,Ahrefs pull
Other-country EOR (not pursued),best eor services in singapore,US,90,,Ahrefs pull
Other-country EOR (not pursued),eor services krakow,US,90,,Ahrefs pull
Excluded,employer of record news today,US,200,,Ahrefs pull
Excluded,ior eor services,US,150,25,Ahrefs pull
Excluded,deel india,US,30,21,competitor gap
Excluded,immigrating to india,US,10,0,competitor gap
Excluded,can i work remotely for a us company from india,US,0,0,competitor gap
Excluded,green card timeline for indian citizens,US,0,28,competitor gap
Excluded,tn visa to green card for indian,US,0,0,competitor gap
Excluded,nanny from india to usa,US,0,0,competitor gap
